-- ============================================================
-- SEED: Groups A–L
-- ============================================================

INSERT INTO groups (id, name) VALUES
  ('a1000000-0000-0000-0000-000000000001', 'A'),
  ('a1000000-0000-0000-0000-000000000002', 'B'),
  ('a1000000-0000-0000-0000-000000000003', 'C'),
  ('a1000000-0000-0000-0000-000000000004', 'D'),
  ('a1000000-0000-0000-0000-000000000005', 'E'),
  ('a1000000-0000-0000-0000-000000000006', 'F'),
  ('a1000000-0000-0000-0000-000000000007', 'G'),
  ('a1000000-0000-0000-0000-000000000008', 'H'),
  ('a1000000-0000-0000-0000-000000000009', 'I'),
  ('a1000000-0000-0000-0000-000000000010', 'J'),
  ('a1000000-0000-0000-0000-000000000011', 'K'),
  ('a1000000-0000-0000-0000-000000000012', 'L');

-- ============================================================
-- SEED: Rounds
-- ============================================================

INSERT INTO rounds (id, name, sort_order, status) VALUES
  ('b1000000-0000-0000-0000-000000000001', 'group_stage',   1, 'accepting_predictions'),
  ('b1000000-0000-0000-0000-000000000002', 'round_of_32',   2, 'pending'),
  ('b1000000-0000-0000-0000-000000000003', 'round_of_16',   3, 'pending'),
  ('b1000000-0000-0000-0000-000000000004', 'quarterfinals', 4, 'pending'),
  ('b1000000-0000-0000-0000-000000000005', 'semifinals',    5, 'pending'),
  ('b1000000-0000-0000-0000-000000000006', 'third_place',   6, 'pending'),
  ('b1000000-0000-0000-0000-000000000007', 'final',         7, 'pending');

-- ============================================================
-- SEED: Teams (48 placeholder teams)
-- IMPORTANT: Replace these with the official 2026 FIFA World Cup
-- draw results. The draw took place December 5, 2025.
-- Update name, code, and flag_emoji for each team via the admin
-- panel or by editing this file before running migrations.
-- ============================================================

INSERT INTO teams (id, name, code, flag_emoji, group_id) VALUES
-- GROUP A
  ('c1000000-0000-0000-0000-000000000001', 'Group A - Team 1', 'A1', '🏳️', 'a1000000-0000-0000-0000-000000000001'),
  ('c1000000-0000-0000-0000-000000000002', 'Group A - Team 2', 'A2', '🏳️', 'a1000000-0000-0000-0000-000000000001'),
  ('c1000000-0000-0000-0000-000000000003', 'Group A - Team 3', 'A3', '🏳️', 'a1000000-0000-0000-0000-000000000001'),
  ('c1000000-0000-0000-0000-000000000004', 'Group A - Team 4', 'A4', '🏳️', 'a1000000-0000-0000-0000-000000000001'),
-- GROUP B
  ('c1000000-0000-0000-0000-000000000005', 'Group B - Team 1', 'B1', '🏳️', 'a1000000-0000-0000-0000-000000000002'),
  ('c1000000-0000-0000-0000-000000000006', 'Group B - Team 2', 'B2', '🏳️', 'a1000000-0000-0000-0000-000000000002'),
  ('c1000000-0000-0000-0000-000000000007', 'Group B - Team 3', 'B3', '🏳️', 'a1000000-0000-0000-0000-000000000002'),
  ('c1000000-0000-0000-0000-000000000008', 'Group B - Team 4', 'B4', '🏳️', 'a1000000-0000-0000-0000-000000000002'),
-- GROUP C
  ('c1000000-0000-0000-0000-000000000009', 'Group C - Team 1', 'C1', '🏳️', 'a1000000-0000-0000-0000-000000000003'),
  ('c1000000-0000-0000-0000-000000000010', 'Group C - Team 2', 'C2', '🏳️', 'a1000000-0000-0000-0000-000000000003'),
  ('c1000000-0000-0000-0000-000000000011', 'Group C - Team 3', 'C3', '🏳️', 'a1000000-0000-0000-0000-000000000003'),
  ('c1000000-0000-0000-0000-000000000012', 'Group C - Team 4', 'C4', '🏳️', 'a1000000-0000-0000-0000-000000000003'),
-- GROUP D
  ('c1000000-0000-0000-0000-000000000013', 'Group D - Team 1', 'D1', '🏳️', 'a1000000-0000-0000-0000-000000000004'),
  ('c1000000-0000-0000-0000-000000000014', 'Group D - Team 2', 'D2', '🏳️', 'a1000000-0000-0000-0000-000000000004'),
  ('c1000000-0000-0000-0000-000000000015', 'Group D - Team 3', 'D3', '🏳️', 'a1000000-0000-0000-0000-000000000004'),
  ('c1000000-0000-0000-0000-000000000016', 'Group D - Team 4', 'D4', '🏳️', 'a1000000-0000-0000-0000-000000000004'),
-- GROUP E
  ('c1000000-0000-0000-0000-000000000017', 'Group E - Team 1', 'E1', '🏳️', 'a1000000-0000-0000-0000-000000000005'),
  ('c1000000-0000-0000-0000-000000000018', 'Group E - Team 2', 'E2', '🏳️', 'a1000000-0000-0000-0000-000000000005'),
  ('c1000000-0000-0000-0000-000000000019', 'Group E - Team 3', 'E3', '🏳️', 'a1000000-0000-0000-0000-000000000005'),
  ('c1000000-0000-0000-0000-000000000020', 'Group E - Team 4', 'E4', '🏳️', 'a1000000-0000-0000-0000-000000000005'),
-- GROUP F
  ('c1000000-0000-0000-0000-000000000021', 'Group F - Team 1', 'F1', '🏳️', 'a1000000-0000-0000-0000-000000000006'),
  ('c1000000-0000-0000-0000-000000000022', 'Group F - Team 2', 'F2', '🏳️', 'a1000000-0000-0000-0000-000000000006'),
  ('c1000000-0000-0000-0000-000000000023', 'Group F - Team 3', 'F3', '🏳️', 'a1000000-0000-0000-0000-000000000006'),
  ('c1000000-0000-0000-0000-000000000024', 'Group F - Team 4', 'F4', '🏳️', 'a1000000-0000-0000-0000-000000000006'),
-- GROUP G
  ('c1000000-0000-0000-0000-000000000025', 'Group G - Team 1', 'G1', '🏳️', 'a1000000-0000-0000-0000-000000000007'),
  ('c1000000-0000-0000-0000-000000000026', 'Group G - Team 2', 'G2', '🏳️', 'a1000000-0000-0000-0000-000000000007'),
  ('c1000000-0000-0000-0000-000000000027', 'Group G - Team 3', 'G3', '🏳️', 'a1000000-0000-0000-0000-000000000007'),
  ('c1000000-0000-0000-0000-000000000028', 'Group G - Team 4', 'G4', '🏳️', 'a1000000-0000-0000-0000-000000000007'),
-- GROUP H
  ('c1000000-0000-0000-0000-000000000029', 'Group H - Team 1', 'H1', '🏳️', 'a1000000-0000-0000-0000-000000000008'),
  ('c1000000-0000-0000-0000-000000000030', 'Group H - Team 2', 'H2', '🏳️', 'a1000000-0000-0000-0000-000000000008'),
  ('c1000000-0000-0000-0000-000000000031', 'Group H - Team 3', 'H3', '🏳️', 'a1000000-0000-0000-0000-000000000008'),
  ('c1000000-0000-0000-0000-000000000032', 'Group H - Team 4', 'H4', '🏳️', 'a1000000-0000-0000-0000-000000000008'),
-- GROUP I
  ('c1000000-0000-0000-0000-000000000033', 'Group I - Team 1', 'I1', '🏳️', 'a1000000-0000-0000-0000-000000000009'),
  ('c1000000-0000-0000-0000-000000000034', 'Group I - Team 2', 'I2', '🏳️', 'a1000000-0000-0000-0000-000000000009'),
  ('c1000000-0000-0000-0000-000000000035', 'Group I - Team 3', 'I3', '🏳️', 'a1000000-0000-0000-0000-000000000009'),
  ('c1000000-0000-0000-0000-000000000036', 'Group I - Team 4', 'I4', '🏳️', 'a1000000-0000-0000-0000-000000000009'),
-- GROUP J
  ('c1000000-0000-0000-0000-000000000037', 'Group J - Team 1', 'J1', '🏳️', 'a1000000-0000-0000-0000-000000000010'),
  ('c1000000-0000-0000-0000-000000000038', 'Group J - Team 2', 'J2', '🏳️', 'a1000000-0000-0000-0000-000000000010'),
  ('c1000000-0000-0000-0000-000000000039', 'Group J - Team 3', 'J3', '🏳️', 'a1000000-0000-0000-0000-000000000010'),
  ('c1000000-0000-0000-0000-000000000040', 'Group J - Team 4', 'J4', '🏳️', 'a1000000-0000-0000-0000-000000000010'),
-- GROUP K
  ('c1000000-0000-0000-0000-000000000041', 'Group K - Team 1', 'K1', '🏳️', 'a1000000-0000-0000-0000-000000000011'),
  ('c1000000-0000-0000-0000-000000000042', 'Group K - Team 2', 'K2', '🏳️', 'a1000000-0000-0000-0000-000000000011'),
  ('c1000000-0000-0000-0000-000000000043', 'Group K - Team 3', 'K3', '🏳️', 'a1000000-0000-0000-0000-000000000011'),
  ('c1000000-0000-0000-0000-000000000044', 'Group K - Team 4', 'K4', '🏳️', 'a1000000-0000-0000-0000-000000000011'),
-- GROUP L
  ('c1000000-0000-0000-0000-000000000045', 'Group L - Team 1', 'L1', '🏳️', 'a1000000-0000-0000-0000-000000000012'),
  ('c1000000-0000-0000-0000-000000000046', 'Group L - Team 2', 'L2', '🏳️', 'a1000000-0000-0000-0000-000000000012'),
  ('c1000000-0000-0000-0000-000000000047', 'Group L - Team 3', 'L3', '🏳️', 'a1000000-0000-0000-0000-000000000012'),
  ('c1000000-0000-0000-0000-000000000048', 'Group L - Team 4', 'L4', '🏳️', 'a1000000-0000-0000-0000-000000000012');

-- ============================================================
-- SEED: Group stage matches (1–72)
-- 6 matches per group × 12 groups = 72
-- Pattern: T1vT2, T1vT3, T1vT4, T2vT3, T2vT4, T3vT4
-- ============================================================

INSERT INTO matches (match_number, round_id, group_id, home_team_id, away_team_id) VALUES
-- GROUP A (1–6)
  (1,  'b1000000-0000-0000-0000-000000000001', 'a1000000-0000-0000-0000-000000000001', 'c1000000-0000-0000-0000-000000000001', 'c1000000-0000-0000-0000-000000000002'),
  (2,  'b1000000-0000-0000-0000-000000000001', 'a1000000-0000-0000-0000-000000000001', 'c1000000-0000-0000-0000-000000000001', 'c1000000-0000-0000-0000-000000000003'),
  (3,  'b1000000-0000-0000-0000-000000000001', 'a1000000-0000-0000-0000-000000000001', 'c1000000-0000-0000-0000-000000000001', 'c1000000-0000-0000-0000-000000000004'),
  (4,  'b1000000-0000-0000-0000-000000000001', 'a1000000-0000-0000-0000-000000000001', 'c1000000-0000-0000-0000-000000000002', 'c1000000-0000-0000-0000-000000000003'),
  (5,  'b1000000-0000-0000-0000-000000000001', 'a1000000-0000-0000-0000-000000000001', 'c1000000-0000-0000-0000-000000000002', 'c1000000-0000-0000-0000-000000000004'),
  (6,  'b1000000-0000-0000-0000-000000000001', 'a1000000-0000-0000-0000-000000000001', 'c1000000-0000-0000-0000-000000000003', 'c1000000-0000-0000-0000-000000000004'),
-- GROUP B (7–12)
  (7,  'b1000000-0000-0000-0000-000000000001', 'a1000000-0000-0000-0000-000000000002', 'c1000000-0000-0000-0000-000000000005', 'c1000000-0000-0000-0000-000000000006'),
  (8,  'b1000000-0000-0000-0000-000000000001', 'a1000000-0000-0000-0000-000000000002', 'c1000000-0000-0000-0000-000000000005', 'c1000000-0000-0000-0000-000000000007'),
  (9,  'b1000000-0000-0000-0000-000000000001', 'a1000000-0000-0000-0000-000000000002', 'c1000000-0000-0000-0000-000000000005', 'c1000000-0000-0000-0000-000000000008'),
  (10, 'b1000000-0000-0000-0000-000000000001', 'a1000000-0000-0000-0000-000000000002', 'c1000000-0000-0000-0000-000000000006', 'c1000000-0000-0000-0000-000000000007'),
  (11, 'b1000000-0000-0000-0000-000000000001', 'a1000000-0000-0000-0000-000000000002', 'c1000000-0000-0000-0000-000000000006', 'c1000000-0000-0000-0000-000000000008'),
  (12, 'b1000000-0000-0000-0000-000000000001', 'a1000000-0000-0000-0000-000000000002', 'c1000000-0000-0000-0000-000000000007', 'c1000000-0000-0000-0000-000000000008'),
-- GROUP C (13–18)
  (13, 'b1000000-0000-0000-0000-000000000001', 'a1000000-0000-0000-0000-000000000003', 'c1000000-0000-0000-0000-000000000009', 'c1000000-0000-0000-0000-000000000010'),
  (14, 'b1000000-0000-0000-0000-000000000001', 'a1000000-0000-0000-0000-000000000003', 'c1000000-0000-0000-0000-000000000009', 'c1000000-0000-0000-0000-000000000011'),
  (15, 'b1000000-0000-0000-0000-000000000001', 'a1000000-0000-0000-0000-000000000003', 'c1000000-0000-0000-0000-000000000009', 'c1000000-0000-0000-0000-000000000012'),
  (16, 'b1000000-0000-0000-0000-000000000001', 'a1000000-0000-0000-0000-000000000003', 'c1000000-0000-0000-0000-000000000010', 'c1000000-0000-0000-0000-000000000011'),
  (17, 'b1000000-0000-0000-0000-000000000001', 'a1000000-0000-0000-0000-000000000003', 'c1000000-0000-0000-0000-000000000010', 'c1000000-0000-0000-0000-000000000012'),
  (18, 'b1000000-0000-0000-0000-000000000001', 'a1000000-0000-0000-0000-000000000003', 'c1000000-0000-0000-0000-000000000011', 'c1000000-0000-0000-0000-000000000012'),
-- GROUP D (19–24)
  (19, 'b1000000-0000-0000-0000-000000000001', 'a1000000-0000-0000-0000-000000000004', 'c1000000-0000-0000-0000-000000000013', 'c1000000-0000-0000-0000-000000000014'),
  (20, 'b1000000-0000-0000-0000-000000000001', 'a1000000-0000-0000-0000-000000000004', 'c1000000-0000-0000-0000-000000000013', 'c1000000-0000-0000-0000-000000000015'),
  (21, 'b1000000-0000-0000-0000-000000000001', 'a1000000-0000-0000-0000-000000000004', 'c1000000-0000-0000-0000-000000000013', 'c1000000-0000-0000-0000-000000000016'),
  (22, 'b1000000-0000-0000-0000-000000000001', 'a1000000-0000-0000-0000-000000000004', 'c1000000-0000-0000-0000-000000000014', 'c1000000-0000-0000-0000-000000000015'),
  (23, 'b1000000-0000-0000-0000-000000000001', 'a1000000-0000-0000-0000-000000000004', 'c1000000-0000-0000-0000-000000000014', 'c1000000-0000-0000-0000-000000000016'),
  (24, 'b1000000-0000-0000-0000-000000000001', 'a1000000-0000-0000-0000-000000000004', 'c1000000-0000-0000-0000-000000000015', 'c1000000-0000-0000-0000-000000000016'),
-- GROUP E (25–30)
  (25, 'b1000000-0000-0000-0000-000000000001', 'a1000000-0000-0000-0000-000000000005', 'c1000000-0000-0000-0000-000000000017', 'c1000000-0000-0000-0000-000000000018'),
  (26, 'b1000000-0000-0000-0000-000000000001', 'a1000000-0000-0000-0000-000000000005', 'c1000000-0000-0000-0000-000000000017', 'c1000000-0000-0000-0000-000000000019'),
  (27, 'b1000000-0000-0000-0000-000000000001', 'a1000000-0000-0000-0000-000000000005', 'c1000000-0000-0000-0000-000000000017', 'c1000000-0000-0000-0000-000000000020'),
  (28, 'b1000000-0000-0000-0000-000000000001', 'a1000000-0000-0000-0000-000000000005', 'c1000000-0000-0000-0000-000000000018', 'c1000000-0000-0000-0000-000000000019'),
  (29, 'b1000000-0000-0000-0000-000000000001', 'a1000000-0000-0000-0000-000000000005', 'c1000000-0000-0000-0000-000000000018', 'c1000000-0000-0000-0000-000000000020'),
  (30, 'b1000000-0000-0000-0000-000000000001', 'a1000000-0000-0000-0000-000000000005', 'c1000000-0000-0000-0000-000000000019', 'c1000000-0000-0000-0000-000000000020'),
-- GROUP F (31–36)
  (31, 'b1000000-0000-0000-0000-000000000001', 'a1000000-0000-0000-0000-000000000006', 'c1000000-0000-0000-0000-000000000021', 'c1000000-0000-0000-0000-000000000022'),
  (32, 'b1000000-0000-0000-0000-000000000001', 'a1000000-0000-0000-0000-000000000006', 'c1000000-0000-0000-0000-000000000021', 'c1000000-0000-0000-0000-000000000023'),
  (33, 'b1000000-0000-0000-0000-000000000001', 'a1000000-0000-0000-0000-000000000006', 'c1000000-0000-0000-0000-000000000021', 'c1000000-0000-0000-0000-000000000024'),
  (34, 'b1000000-0000-0000-0000-000000000001', 'a1000000-0000-0000-0000-000000000006', 'c1000000-0000-0000-0000-000000000022', 'c1000000-0000-0000-0000-000000000023'),
  (35, 'b1000000-0000-0000-0000-000000000001', 'a1000000-0000-0000-0000-000000000006', 'c1000000-0000-0000-0000-000000000022', 'c1000000-0000-0000-0000-000000000024'),
  (36, 'b1000000-0000-0000-0000-000000000001', 'a1000000-0000-0000-0000-000000000006', 'c1000000-0000-0000-0000-000000000023', 'c1000000-0000-0000-0000-000000000024'),
-- GROUP G (37–42)
  (37, 'b1000000-0000-0000-0000-000000000001', 'a1000000-0000-0000-0000-000000000007', 'c1000000-0000-0000-0000-000000000025', 'c1000000-0000-0000-0000-000000000026'),
  (38, 'b1000000-0000-0000-0000-000000000001', 'a1000000-0000-0000-0000-000000000007', 'c1000000-0000-0000-0000-000000000025', 'c1000000-0000-0000-0000-000000000027'),
  (39, 'b1000000-0000-0000-0000-000000000001', 'a1000000-0000-0000-0000-000000000007', 'c1000000-0000-0000-0000-000000000025', 'c1000000-0000-0000-0000-000000000028'),
  (40, 'b1000000-0000-0000-0000-000000000001', 'a1000000-0000-0000-0000-000000000007', 'c1000000-0000-0000-0000-000000000026', 'c1000000-0000-0000-0000-000000000027'),
  (41, 'b1000000-0000-0000-0000-000000000001', 'a1000000-0000-0000-0000-000000000007', 'c1000000-0000-0000-0000-000000000026', 'c1000000-0000-0000-0000-000000000028'),
  (42, 'b1000000-0000-0000-0000-000000000001', 'a1000000-0000-0000-0000-000000000007', 'c1000000-0000-0000-0000-000000000027', 'c1000000-0000-0000-0000-000000000028'),
-- GROUP H (43–48)
  (43, 'b1000000-0000-0000-0000-000000000001', 'a1000000-0000-0000-0000-000000000008', 'c1000000-0000-0000-0000-000000000029', 'c1000000-0000-0000-0000-000000000030'),
  (44, 'b1000000-0000-0000-0000-000000000001', 'a1000000-0000-0000-0000-000000000008', 'c1000000-0000-0000-0000-000000000029', 'c1000000-0000-0000-0000-000000000031'),
  (45, 'b1000000-0000-0000-0000-000000000001', 'a1000000-0000-0000-0000-000000000008', 'c1000000-0000-0000-0000-000000000029', 'c1000000-0000-0000-0000-000000000032'),
  (46, 'b1000000-0000-0000-0000-000000000001', 'a1000000-0000-0000-0000-000000000008', 'c1000000-0000-0000-0000-000000000030', 'c1000000-0000-0000-0000-000000000031'),
  (47, 'b1000000-0000-0000-0000-000000000001', 'a1000000-0000-0000-0000-000000000008', 'c1000000-0000-0000-0000-000000000030', 'c1000000-0000-0000-0000-000000000032'),
  (48, 'b1000000-0000-0000-0000-000000000001', 'a1000000-0000-0000-0000-000000000008', 'c1000000-0000-0000-0000-000000000031', 'c1000000-0000-0000-0000-000000000032'),
-- GROUP I (49–54)
  (49, 'b1000000-0000-0000-0000-000000000001', 'a1000000-0000-0000-0000-000000000009', 'c1000000-0000-0000-0000-000000000033', 'c1000000-0000-0000-0000-000000000034'),
  (50, 'b1000000-0000-0000-0000-000000000001', 'a1000000-0000-0000-0000-000000000009', 'c1000000-0000-0000-0000-000000000033', 'c1000000-0000-0000-0000-000000000035'),
  (51, 'b1000000-0000-0000-0000-000000000001', 'a1000000-0000-0000-0000-000000000009', 'c1000000-0000-0000-0000-000000000033', 'c1000000-0000-0000-0000-000000000036'),
  (52, 'b1000000-0000-0000-0000-000000000001', 'a1000000-0000-0000-0000-000000000009', 'c1000000-0000-0000-0000-000000000034', 'c1000000-0000-0000-0000-000000000035'),
  (53, 'b1000000-0000-0000-0000-000000000001', 'a1000000-0000-0000-0000-000000000009', 'c1000000-0000-0000-0000-000000000034', 'c1000000-0000-0000-0000-000000000036'),
  (54, 'b1000000-0000-0000-0000-000000000001', 'a1000000-0000-0000-0000-000000000009', 'c1000000-0000-0000-0000-000000000035', 'c1000000-0000-0000-0000-000000000036'),
-- GROUP J (55–60)
  (55, 'b1000000-0000-0000-0000-000000000001', 'a1000000-0000-0000-0000-000000000010', 'c1000000-0000-0000-0000-000000000037', 'c1000000-0000-0000-0000-000000000038'),
  (56, 'b1000000-0000-0000-0000-000000000001', 'a1000000-0000-0000-0000-000000000010', 'c1000000-0000-0000-0000-000000000037', 'c1000000-0000-0000-0000-000000000039'),
  (57, 'b1000000-0000-0000-0000-000000000001', 'a1000000-0000-0000-0000-000000000010', 'c1000000-0000-0000-0000-000000000037', 'c1000000-0000-0000-0000-000000000040'),
  (58, 'b1000000-0000-0000-0000-000000000001', 'a1000000-0000-0000-0000-000000000010', 'c1000000-0000-0000-0000-000000000038', 'c1000000-0000-0000-0000-000000000039'),
  (59, 'b1000000-0000-0000-0000-000000000001', 'a1000000-0000-0000-0000-000000000010', 'c1000000-0000-0000-0000-000000000038', 'c1000000-0000-0000-0000-000000000040'),
  (60, 'b1000000-0000-0000-0000-000000000001', 'a1000000-0000-0000-0000-000000000010', 'c1000000-0000-0000-0000-000000000039', 'c1000000-0000-0000-0000-000000000040'),
-- GROUP K (61–66)
  (61, 'b1000000-0000-0000-0000-000000000001', 'a1000000-0000-0000-0000-000000000011', 'c1000000-0000-0000-0000-000000000041', 'c1000000-0000-0000-0000-000000000042'),
  (62, 'b1000000-0000-0000-0000-000000000001', 'a1000000-0000-0000-0000-000000000011', 'c1000000-0000-0000-0000-000000000041', 'c1000000-0000-0000-0000-000000000043'),
  (63, 'b1000000-0000-0000-0000-000000000001', 'a1000000-0000-0000-0000-000000000011', 'c1000000-0000-0000-0000-000000000041', 'c1000000-0000-0000-0000-000000000044'),
  (64, 'b1000000-0000-0000-0000-000000000001', 'a1000000-0000-0000-0000-000000000011', 'c1000000-0000-0000-0000-000000000042', 'c1000000-0000-0000-0000-000000000043'),
  (65, 'b1000000-0000-0000-0000-000000000001', 'a1000000-0000-0000-0000-000000000011', 'c1000000-0000-0000-0000-000000000042', 'c1000000-0000-0000-0000-000000000044'),
  (66, 'b1000000-0000-0000-0000-000000000001', 'a1000000-0000-0000-0000-000000000011', 'c1000000-0000-0000-0000-000000000043', 'c1000000-0000-0000-0000-000000000044'),
-- GROUP L (67–72)
  (67, 'b1000000-0000-0000-0000-000000000001', 'a1000000-0000-0000-0000-000000000012', 'c1000000-0000-0000-0000-000000000045', 'c1000000-0000-0000-0000-000000000046'),
  (68, 'b1000000-0000-0000-0000-000000000001', 'a1000000-0000-0000-0000-000000000012', 'c1000000-0000-0000-0000-000000000045', 'c1000000-0000-0000-0000-000000000047'),
  (69, 'b1000000-0000-0000-0000-000000000001', 'a1000000-0000-0000-0000-000000000012', 'c1000000-0000-0000-0000-000000000045', 'c1000000-0000-0000-0000-000000000048'),
  (70, 'b1000000-0000-0000-0000-000000000001', 'a1000000-0000-0000-0000-000000000012', 'c1000000-0000-0000-0000-000000000046', 'c1000000-0000-0000-0000-000000000047'),
  (71, 'b1000000-0000-0000-0000-000000000001', 'a1000000-0000-0000-0000-000000000012', 'c1000000-0000-0000-0000-000000000046', 'c1000000-0000-0000-0000-000000000048'),
  (72, 'b1000000-0000-0000-0000-000000000001', 'a1000000-0000-0000-0000-000000000012', 'c1000000-0000-0000-0000-000000000047', 'c1000000-0000-0000-0000-000000000048');

-- ============================================================
-- SEED: Knockout matches (73–104) — teams TBD, placeholders set
-- Admin fills team slots after each round completes.
-- ============================================================

-- ROUND OF 32 (73–88)
INSERT INTO matches (match_number, round_id, placeholder_home, placeholder_away) VALUES
  (73,  'b1000000-0000-0000-0000-000000000002', '1st Group A', '2nd Group B'),
  (74,  'b1000000-0000-0000-0000-000000000002', '1st Group C', '2nd Group D'),
  (75,  'b1000000-0000-0000-0000-000000000002', '1st Group E', '2nd Group F'),
  (76,  'b1000000-0000-0000-0000-000000000002', '1st Group G', '2nd Group H'),
  (77,  'b1000000-0000-0000-0000-000000000002', '1st Group B', '2nd Group A'),
  (78,  'b1000000-0000-0000-0000-000000000002', '1st Group D', '2nd Group C'),
  (79,  'b1000000-0000-0000-0000-000000000002', '1st Group F', '2nd Group E'),
  (80,  'b1000000-0000-0000-0000-000000000002', '1st Group H', '2nd Group G'),
  (81,  'b1000000-0000-0000-0000-000000000002', '1st Group I', '2nd Group J'),
  (82,  'b1000000-0000-0000-0000-000000000002', '1st Group K', '2nd Group L'),
  (83,  'b1000000-0000-0000-0000-000000000002', '1st Group J', '2nd Group I'),
  (84,  'b1000000-0000-0000-0000-000000000002', '1st Group L', '2nd Group K'),
  (85,  'b1000000-0000-0000-0000-000000000002', 'Best 3rd #1', 'Best 3rd #2'),
  (86,  'b1000000-0000-0000-0000-000000000002', 'Best 3rd #3', 'Best 3rd #4'),
  (87,  'b1000000-0000-0000-0000-000000000002', 'Best 3rd #5', 'Best 3rd #6'),
  (88,  'b1000000-0000-0000-0000-000000000002', 'Best 3rd #7', 'Best 3rd #8');

-- ROUND OF 16 (89–96)
INSERT INTO matches (match_number, round_id, placeholder_home, placeholder_away) VALUES
  (89,  'b1000000-0000-0000-0000-000000000003', 'Winner M73', 'Winner M74'),
  (90,  'b1000000-0000-0000-0000-000000000003', 'Winner M75', 'Winner M76'),
  (91,  'b1000000-0000-0000-0000-000000000003', 'Winner M77', 'Winner M78'),
  (92,  'b1000000-0000-0000-0000-000000000003', 'Winner M79', 'Winner M80'),
  (93,  'b1000000-0000-0000-0000-000000000003', 'Winner M81', 'Winner M82'),
  (94,  'b1000000-0000-0000-0000-000000000003', 'Winner M83', 'Winner M84'),
  (95,  'b1000000-0000-0000-0000-000000000003', 'Winner M85', 'Winner M86'),
  (96,  'b1000000-0000-0000-0000-000000000003', 'Winner M87', 'Winner M88');

-- QUARTERFINALS (97–100)
INSERT INTO matches (match_number, round_id, placeholder_home, placeholder_away) VALUES
  (97,  'b1000000-0000-0000-0000-000000000004', 'Winner M89', 'Winner M90'),
  (98,  'b1000000-0000-0000-0000-000000000004', 'Winner M91', 'Winner M92'),
  (99,  'b1000000-0000-0000-0000-000000000004', 'Winner M93', 'Winner M94'),
  (100, 'b1000000-0000-0000-0000-000000000004', 'Winner M95', 'Winner M96');

-- SEMIFINALS (101–102)
INSERT INTO matches (match_number, round_id, placeholder_home, placeholder_away) VALUES
  (101, 'b1000000-0000-0000-0000-000000000005', 'Winner QF1', 'Winner QF2'),
  (102, 'b1000000-0000-0000-0000-000000000005', 'Winner QF3', 'Winner QF4');

-- THIRD PLACE (103)
INSERT INTO matches (match_number, round_id, placeholder_home, placeholder_away) VALUES
  (103, 'b1000000-0000-0000-0000-000000000006', 'Loser SF1', 'Loser SF2');

-- FINAL (104)
INSERT INTO matches (match_number, round_id, placeholder_home, placeholder_away) VALUES
  (104, 'b1000000-0000-0000-0000-000000000007', 'Winner SF1', 'Winner SF2');
